mode,workers,trial,worker,claim_ms,claimed_job
blocking,1,1,1,0.405,1
blocking,1,2,1,0.818,1
blocking,1,3,1,0.737,1
blocking,1,4,1,0.589,1
blocking,1,5,1,0.699,1
blocking,2,1,1,0.739,1
blocking,2,1,2,105.597,2
blocking,2,2,1,0.820,1
blocking,2,2,2,105.566,2
blocking,2,3,1,0.832,1
blocking,2,3,2,106.759,2
blocking,2,4,1,104.046,2
blocking,2,4,2,0.869,1
blocking,2,5,1,0.576,1
blocking,2,5,2,104.424,2
blocking,4,1,1,104.212,2
blocking,4,1,2,0.549,1
blocking,4,1,3,207.876,3
blocking,4,1,4,311.298,4
blocking,4,2,1,208.488,3
blocking,4,2,2,0.430,1
blocking,4,2,3,104.353,2
blocking,4,2,4,312.354,4
blocking,4,3,1,105.950,2
blocking,4,3,2,314.093,4
blocking,4,3,3,1.095,1
blocking,4,3,4,209.733,3
blocking,4,4,1,105.595,2
blocking,4,4,2,1.238,1
blocking,4,4,3,314.218,4
blocking,4,4,4,210.212,3
blocking,4,5,1,314.028,4
blocking,4,5,2,105.318,2
blocking,4,5,3,209.771,3
blocking,4,5,4,0.679,1
blocking,8,1,1,208.901,3
blocking,8,1,2,104.786,2
blocking,8,1,3,416.599,5
blocking,8,1,4,520.356,6
blocking,8,1,5,624.010,7
blocking,8,1,6,728.073,8
blocking,8,1,7,0.736,1
blocking,8,1,8,312.313,4
blocking,8,2,1,104.664,2
blocking,8,2,2,0.850,1
blocking,8,2,3,415.991,5
blocking,8,2,4,312.124,4
blocking,8,2,5,623.891,7
blocking,8,2,6,519.482,6
blocking,8,2,7,727.362,8
blocking,8,2,8,207.995,3
blocking,8,3,1,314.115,4
blocking,8,3,2,416.450,5
blocking,8,3,3,104.780,2
blocking,8,3,4,208.656,3
blocking,8,3,5,520.448,6
blocking,8,3,6,727.562,8
blocking,8,3,7,624.164,7
blocking,8,3,8,0.773,1
blocking,8,4,1,521.586,6
blocking,8,4,2,209.921,3
blocking,8,4,3,417.530,5
blocking,8,4,4,1.386,1
blocking,8,4,5,625.623,7
blocking,8,4,6,105.015,2
blocking,8,4,7,313.829,4
blocking,8,4,8,729.421,8
blocking,8,5,1,105.879,2
blocking,8,5,2,521.435,6
blocking,8,5,3,417.974,5
blocking,8,5,4,2.120,1
blocking,8,5,5,313.913,4
blocking,8,5,6,209.732,3
blocking,8,5,7,729.407,8
blocking,8,5,8,626.004,7
skip_locked,1,1,1,0.885,1
skip_locked,1,2,1,0.750,1
skip_locked,1,3,1,0.704,1
skip_locked,1,4,1,0.475,1
skip_locked,1,5,1,0.581,1
skip_locked,2,1,1,0.844,2
skip_locked,2,1,2,0.878,1
skip_locked,2,2,1,0.639,2
skip_locked,2,2,2,0.654,1
skip_locked,2,3,1,0.735,1
skip_locked,2,3,2,0.755,2
skip_locked,2,4,1,0.602,1
skip_locked,2,4,2,0.590,2
skip_locked,2,5,1,0.518,1
skip_locked,2,5,2,0.507,2
skip_locked,4,1,1,0.593,4
skip_locked,4,1,2,0.570,3
skip_locked,4,1,3,0.519,2
skip_locked,4,1,4,0.501,1
skip_locked,4,2,1,0.808,1
skip_locked,4,2,2,0.823,2
skip_locked,4,2,3,0.899,4
skip_locked,4,2,4,0.889,3
skip_locked,4,3,1,1.286,2
skip_locked,4,3,2,1.290,3
skip_locked,4,3,3,1.255,1
skip_locked,4,3,4,1.221,4
skip_locked,4,4,1,0.628,4
skip_locked,4,4,2,0.641,2
skip_locked,4,4,3,0.649,1
skip_locked,4,4,4,0.639,3
skip_locked,4,5,1,1.866,4
skip_locked,4,5,2,1.871,3
skip_locked,4,5,3,1.799,2
skip_locked,4,5,4,1.793,1
skip_locked,8,1,1,1.090,8
skip_locked,8,1,2,0.819,2
skip_locked,8,1,3,0.806,1
skip_locked,8,1,4,0.971,6
skip_locked,8,1,5,0.965,7
skip_locked,8,1,6,0.925,5
skip_locked,8,1,7,0.931,3
skip_locked,8,1,8,0.945,4
skip_locked,8,2,1,1.884,6
skip_locked,8,2,2,1.686,1
skip_locked,8,2,3,1.704,3
skip_locked,8,2,4,1.818,5
skip_locked,8,2,5,1.712,4
skip_locked,8,2,6,1.852,7
skip_locked,8,2,7,1.730,2
skip_locked,8,2,8,1.864,8
skip_locked,8,3,1,0.940,1
skip_locked,8,3,2,1.133,7
skip_locked,8,3,3,1.005,3
skip_locked,8,3,4,1.200,8
skip_locked,8,3,5,1.005,4
skip_locked,8,3,6,0.928,2
skip_locked,8,3,7,1.099,5
skip_locked,8,3,8,1.074,6
skip_locked,8,4,1,0.735,4
skip_locked,8,4,2,0.590,1
skip_locked,8,4,3,0.796,7
skip_locked,8,4,4,0.775,8
skip_locked,8,4,5,0.734,6
skip_locked,8,4,6,0.742,5
skip_locked,8,4,7,0.612,2
skip_locked,8,4,8,0.654,3
skip_locked,8,5,1,1.193,3
skip_locked,8,5,2,1.233,8
skip_locked,8,5,3,1.250,6
skip_locked,8,5,4,1.063,1
skip_locked,8,5,5,1.153,4
skip_locked,8,5,6,1.276,7
skip_locked,8,5,7,1.069,2
skip_locked,8,5,8,1.224,5
