experiment,mode,objects,grace_s,objects_before,rows_before,orphans_before,dangling_before,pending_before,checked,reconcile_ms,objects_after,rows_after,orphans_after,dangling_after,pending_after
ordering,put_then_insert,100,0,100,90,10,0,0,100,6.682,90,90,0,0,0
ordering,put_then_insert,1000,0,1000,900,100,0,0,1000,30.014,900,900,0,0,0
ordering,put_then_insert,10000,0,10000,9000,1000,0,0,10000,227.434,9000,9000,0,0,0
ordering,insert_then_put,100,0,90,100,0,10,0,90,5.418,90,90,0,0,0
ordering,insert_then_put,1000,0,900,1000,0,100,0,900,12.604,900,900,0,0,0
ordering,insert_then_put,10000,0,9000,10000,0,1000,0,9000,84.204,9000,9000,0,0,0
ordering,intent_then_put,100,0,100,100,0,0,10,10,6.490,100,100,0,0,0
ordering,intent_then_put,1000,0,1000,1000,0,0,100,100,43.639,1000,1000,0,0,0
ordering,intent_then_put,10000,0,10000,10000,0,0,1000,1000,290.098,10000,10000,0,0,0
grace,put_then_insert,60,0,60,0,60,0,0,60,29.129,0,36,0,36,0
grace,put_then_insert,60,1,60,0,60,0,0,60,29.751,0,36,0,36,0
grace,put_then_insert,60,2,60,0,60,0,0,60,23.495,40,36,4,0,0
